ID,SMILES,target,mode,Comment
NIZ_B_001,CC/C=C/C1=CNC2=CC(C(NC3=CC=C([C@H]4CNCCO4)C=N3)=O)=CC=C12,BACE,de novo,from BACE de Novo 1 row_01322
NIZ_B_002,CN1N=C(C(NC2=CN=CN=C2)=O)C=C1C3=CC=C4C=C(C(C)=CC4=C3)O,BACE,de novo ,from BACE de Novo 1 row_00203
NIZ_B_003,CN1N=C(C(NC2CNC(NC2)=O)=O)C=C1C3=CC=C4C=C(C(C)=CC4=C3)O,BACE,de novo ,from BACE de Novo 1 row_00203
NIZ_B_004,CCOC1=CC(F)=CC(C2=CC=C(C(NCCC3=CN=NC(N)=C3)=O)N=C2)=C1,BACE,de novo,from BACE de Novo 3 row_00515 
NIZ_B_005,CCOC1=CC(F)=CC(C2=CC=C(C(NCCC3=C(N)N=C(N)NC3=O)=O)N=C2)=C1,BACE,de novo,from BACE de Novo 3 row_00515 
NIZ_B_006,CCC(C1=CC=CC(C2=CC=C(C(NCCC3=CN=NC(C(N)=O)=C3)=O)N=C2)=C1)=O,BACE,de novo,from BACE de Novo 3 row_00462 
NIZ_B_007,NC(NC1=O)=NC(N)=C1CCNC(C(N=C2)=CC=C2C3=CC(C(CC)=O)=CC=C3)=O,BACE,de novo,from BACE de Novo 3 row_00462 
NIZ_B_008,CCN1C=C(C(N2C=CC(C#N)=N2)=O)C=C1NC(C3=CC=C4NC=NC4=C3)=O,BACE,de novo,from BACE de Novo 3 row_00735 
NIZ_B_009,CCN1N=C(C(N2C=CC(C#N)=N2)=O)C=C1NC(C3=CC=C4NC=NC4=C3)=O,BACE,de novo,from BACE de Novo 3 row_00735 
NIZ_B_010,CCN1N=C(C(N2C=CC(C#N)=N2)=O)N=C1NC(C3=CC=C4NC=NC4=C3)=O,BACE,de novo,from BACE de Novo 3 row_00735 
NIZ_B_011,CCN1C=C(C(N2C=CC(C#N)=N2)=O)N=C1NC(C3=CC=C4NC=NC4=C3)=O,BACE,de novo,from BACE de Novo 3 row_00735 
NIZ_B_012,CC(CC1=CC=CC(C2=CC=C(C(NCCC3=CN=NC(N)=C3)=O)N=C2)=C1)C,BACE,de novo,from BACE de Novo 3 row_00468
NIZ_B_013,CC(CC1=CC=CC(C2=CC=C(C(NCCC3=C(N)N=C(N)NC3=O)=O)N=C2)=C1)C,BACE,de novo,from BACE de Novo 3 row_00468